CREATE TABLE HOTEL (
HotelID       INT PRIMARY KEY,
HotelName     VARCHAR2(100) NOT NULL,
City          VARCHAR2(50),
Country       VARCHAR2(50),
StarRating   NUMBER(1) CHECK (StarRating BETWEEN 1 and 5)
);
INSERT INTO Hotel VALUES (1, 'Grand Palace Hotel', 'Islamabad', 'Pakistan', 5);
INSERT INTO Hotel VALUES (2, 'City Comfort Inn', 'Lahore', 'Pakistan', 3);
INSERT INTO Hotel VALUES (3, 'Royal Stay', 'Karachi', 'Pakistan', 4);
INSERT INTO Hotel VALUES (4, 'Blue Horizon', 'Balochistan', 'Pakistan', 5);
INSERT INTO Hotel VALUES (5, 'Mountain View Lodge', 'Murree', 'Pakistan', 3);

CREATE TABLE Hotel_Phone (
HotelID     INT,
Phone       VARCHAR2(20),
PRIMARY KEY (HotelID, Phone),
FOREIGN KEY (HotelID) REFERENCES Hotel(HotelID)
);
INSERT INTO Hotel_Phone VALUES (1, '+92-51-1234567');
INSERT INTO Hotel_Phone VALUES (1, '+92-51-7654321');
INSERT INTO Hotel_Phone VALUES (2, '+92-42-9876543');
INSERT INTO Hotel_Phone VALUES (2, '+92-42-1112233');
INSERT INTO Hotel_Phone VALUES (3, '+92-21-5556677');
INSERT INTO Hotel_Phone VALUES (4, '+92-43-5556677');
INSERT INTO Hotel_Phone VALUES (4, '+92-41-9998877');
INSERT INTO Hotel_Phone VALUES (5, '+92-51-3334455');
INSERT INTO Hotel_Phone VALUES (5, '+92-51-6667788');

CREATE TABLE Room (
RoomID          INT PRIMARY KEY,
RoomNum         VARCHAR2(50) NOT NULL,
Floor           NUMBER,
Status          VARCHAR2(100) CHECK (Status IN ('Available', 'Occupied', 'Maintenance')),
Wing            VARCHAR2(100),
Building        VARCHAR2(100),
PricePerNight   NUMBER(8,2),
HotelID         INT,
FOREIGN KEY (HotelID) REFERENCES Hotel(HotelID)
);
INSERT INTO Room VALUES (101, '101', 1, 'Available',   'East',  'Block A', 8000,  1);
INSERT INTO Room VALUES (102, '102', 1, 'Occupied',    'East',  'Block A', 8000,  1);
INSERT INTO Room VALUES (103, '201', 2, 'Available',   'West',  'Block A', 12000, 1);
INSERT INTO Room VALUES (104, '301', 3, 'Maintenance', 'West',  'Block B', 25000, 1);
INSERT INTO Room VALUES (105, '401', 4, 'Available',   'North', 'Block B', 35000, 1);
INSERT INTO Room VALUES (106, '101', 1, 'Available',   'North', 'Main',    5000,  2);
INSERT INTO Room VALUES (107, '102', 1, 'Occupied',    'North', 'Main',    5000,  2);
INSERT INTO Room VALUES (108, '201', 2, 'Available',   'South', 'Main',    9000,  3);
INSERT INTO Room VALUES (109, '202', 2, 'Occupied',    'South', 'Main',    9500,  3);
INSERT INTO Room VALUES (110, '301', 3, 'Available',   'East',  'Tower',   30000, 4);
INSERT INTO Room VALUES (111, '302', 3, 'Occupied',    'East',  'Tower',   30000, 4);
INSERT INTO Room VALUES (112, '401', 4, 'Available',   'West',  'Tower',   45000, 4);
INSERT INTO Room VALUES (113, '101', 1, 'Available',   'Main',  'Lodge',   4000,  5);
INSERT INTO Room VALUES (114, '102', 1, 'Maintenance', 'Main',  'Lodge',   4500,  5);

CREATE TABLE Amenity (
AmenityID   INT PRIMARY KEY,
Category    VARCHAR2(50),
AmenityName VARCHAR2(100) NOT NULL
);
INSERT INTO Amenity VALUES (1,'Entertainment','Flat Screen TV');
INSERT INTO Amenity VALUES (2,'Comfort','Air Conditioning');
INSERT INTO Amenity VALUES (3,'Comfort','King Size Bed');
INSERT INTO Amenity VALUES (4,'Hygiene','Private Bathroom');
INSERT INTO Amenity VALUES (5,'Luxury', 'Jacuzzi');
INSERT INTO Amenity VALUES (6,'Connectivity','Free WiFi');
INSERT INTO Amenity VALUES (7,'Food','Mini Bar');
INSERT INTO Amenity VALUES (8,'Luxury','Lounge Area');
INSERT INTO Amenity VALUES (9,'Comfort','Balcony');
INSERT INTO Amenity VALUES (10,'Hygiene', 'Bathtub');

CREATE TABLE Has_Amenity (
RoomID      INT,
AmenityID   INT,
PRIMARY KEY (RoomID, AmenityID),
FOREIGN KEY (RoomID) REFERENCES Room(RoomID),
FOREIGN KEY (AmenityID) REFERENCES Amenity(AmenityID)
);

INSERT INTO Has_Amenity VALUES (101, 1);
INSERT INTO Has_Amenity VALUES (101, 2);
INSERT INTO Has_Amenity VALUES (101, 6);
INSERT INTO Has_Amenity VALUES (102, 2);
INSERT INTO Has_Amenity VALUES (102, 4);
INSERT INTO Has_Amenity VALUES (103, 1);
INSERT INTO Has_Amenity VALUES (103, 3);
INSERT INTO Has_Amenity VALUES (103, 6);
INSERT INTO Has_Amenity VALUES (104, 5);
INSERT INTO Has_Amenity VALUES (104, 7);
INSERT INTO Has_Amenity VALUES (105, 5);
INSERT INTO Has_Amenity VALUES (105, 7);
INSERT INTO Has_Amenity VALUES (105, 8);
INSERT INTO Has_Amenity VALUES (110, 9);
INSERT INTO Has_Amenity VALUES (110, 10);
INSERT INTO Has_Amenity VALUES (112, 5);
INSERT INTO Has_Amenity VALUES (112, 8);

CREATE TABLE RoomStatusLog (
LogID       INT,
RoomID      INT,
Status      VARCHAR2(100) CHECK (Status IN ('Available', 'Occupied', 'Maintenance')),
ChangedAt   DATE,
PRIMARY KEY (RoomID, LogID),
FOREIGN KEY (RoomID) REFERENCES Room(RoomID)
);
INSERT INTO RoomStatusLog VALUES (1, 101, 'Available',   TO_DATE('2026-01-01', 'YYYY-MM-DD'));
INSERT INTO RoomStatusLog VALUES (2, 101, 'Occupied',    TO_DATE('2026-02-10', 'YYYY-MM-DD'));
INSERT INTO RoomStatusLog VALUES (3, 101, 'Available',   TO_DATE('2026-03-01', 'YYYY-MM-DD'));
INSERT INTO RoomStatusLog VALUES (1, 102, 'Available',   TO_DATE('2026-01-05', 'YYYY-MM-DD'));
INSERT INTO RoomStatusLog VALUES (2, 102, 'Occupied',    TO_DATE('2026-03-01', 'YYYY-MM-DD'));
INSERT INTO RoomStatusLog VALUES (1, 103, 'Available',   TO_DATE('2026-01-10', 'YYYY-MM-DD'));
INSERT INTO RoomStatusLog VALUES (1, 104, 'Available',   TO_DATE('2026-01-10', 'YYYY-MM-DD'));
INSERT INTO RoomStatusLog VALUES (2, 104, 'Maintenance', TO_DATE('2026-04-15', 'YYYY-MM-DD'));
INSERT INTO RoomStatusLog VALUES (1, 105, 'Available',   TO_DATE('2026-01-15', 'YYYY-MM-DD'));
INSERT INTO RoomStatusLog VALUES (1, 107, 'Available',   TO_DATE('2026-02-01', 'YYYY-MM-DD'));
INSERT INTO RoomStatusLog VALUES (2, 107, 'Occupied',    TO_DATE('2026-03-10', 'YYYY-MM-DD'));
INSERT INTO RoomStatusLog VALUES (1, 110, 'Available',   TO_DATE('2026-01-20', 'YYYY-MM-DD'));
INSERT INTO RoomStatusLog VALUES (1, 114, 'Available',   TO_DATE('2026-02-05', 'YYYY-MM-DD'));
INSERT INTO RoomStatusLog VALUES (2, 114, 'Maintenance', TO_DATE('2026-04-20', 'YYYY-MM-DD'));

CREATE TABLE SingleRoom (
RoomID      INT PRIMARY KEY,
BedType     VARCHAR2(50),
MaxGuest    INT,
FOREIGN KEY (RoomID) REFERENCES Room(RoomID)
);
INSERT INTO SingleRoom VALUES (101,'Queen', 1);
INSERT INTO SingleRoom VALUES (102,'Twin', 1);
INSERT INTO SingleRoom VALUES (106,'Single',1);
INSERT INTO SingleRoom VALUES (107,'Queen',1);
INSERT INTO SingleRoom VALUES (113,'Single',1);
INSERT INTO SingleRoom VALUES (114,'Twin', 1);

CREATE TABLE DoubleRoom (
RoomID      INT PRIMARY KEY,
BedCount    INT,
FOREIGN KEY (RoomID) REFERENCES Room(RoomID)
);
INSERT INTO DoubleRoom VALUES(103,2);
INSERT INTO DoubleRoom VALUES(108,2);
INSERT INTO DoubleRoom VALUES(109,2);
INSERT INTO DoubleRoom VALUES(111,2);

CREATE TABLE MAINTAINSROOM (
    RoomID   INT ,
    STAFFID INT ,
    FOREIGN KEY (RoomID) REFERENCES Room(RoomID),
    FOREIGN KEY (STAFFID) REFERENCES STAFF(STAFFID),
    
    PRIMARY KEY ( RoomID , STAFFID)

);

INSERT INTO MAINTAINSROOM VALUES (104, 3);
INSERT INTO MAINTAINSROOM VALUES (114, 3);
INSERT INTO MAINTAINSROOM VALUES (102, 7);
INSERT INTO MAINTAINSROOM VALUES (107, 7);
INSERT INTO MAINTAINSROOM VALUES (111, 8);
INSERT INTO MAINTAINSROOM VALUES (109, 8);
INSERT INTO MAINTAINSROOM VALUES (104, 5);
INSERT INTO MAINTAINSROOM VALUES (110, 5);
CREATE  TABLE SUIT (
    RoomID  INT PRIMARY KEY , 
    LOUNGE  VARCHAR2 (30),
    JACUZZI VARCHAR2 (40),
     FOREIGN KEY (RoomID) REFERENCES Room(RoomID)

);
INSERT INTO SUIT VALUES (104, 'Executive Lounge', 'Yes');
INSERT INTO SUIT VALUES (105, 'Royal Lounge',     'Yes');
INSERT INTO SUIT VALUES (110, 'Premium Lounge',   'Yes');
INSERT INTO SUIT VALUES (112, 'Grand Lounge',     'Yes');


CREATE TABLE GUEST ( 
    GUESTID INT PRIMARY KEY , 
    EMAIL VARCHAR2(40)  NOT NULL ,
    DOB VARCHAR2 (20) ,
    FIRST_NAME VARCHAR2 (20) NOT NULL ,
    LAST_NAME VARCHAR2 (30)

);

INSERT INTO GUEST VALUES (1, 'ali.hassan@gmail.com',    '1990-05-14', 'Ali',     'Hassan');
INSERT INTO GUEST VALUES (2, 'sara.khan@hotmail.com',   '1985-11-22', 'Sara',    'Khan');
INSERT INTO GUEST VALUES (3, 'john.doe@gmail.com',      '1992-03-08', 'John',    'Doe');
INSERT INTO GUEST VALUES (4, 'amna.baig@yahoo.com',     '1998-07-30', 'Amna',    'Baig');
INSERT INTO GUEST VALUES (5, 'raza.qureshi@gmail.com',  '1978-01-17', 'Raza',    'Qureshi');
INSERT INTO GUEST VALUES (6, 'maria.ali@outlook.com',   '2000-09-05', 'Maria',   'Ali');
INSERT INTO GUEST VALUES (7, 'hamza.tariq@gmail.com',   '1995-12-25', 'Hamza',   'Tariq');
INSERT INTO GUEST VALUES (8, 'zara.anwar@gmail.com',    '1988-04-11', 'Zara',    'Anwar');

CREATE TABLE GUEST_PHONE (
    GUESTID INT  ,
    GUEST_PHONE VARCHAR2 (30),
    PRIMARY KEY (GUESTID  , GUEST_PHONE)  ,
    FOREIGN KEY (  GUESTID ) REFERENCES  GUEST  (GUESTID )
);
INSERT INTO GUEST_PHONE VALUES (1, '+92-300-1234567');
INSERT INTO GUEST_PHONE VALUES (1, '+92-321-7654321');
INSERT INTO GUEST_PHONE VALUES (2, '+92-333-9876543');
INSERT INTO GUEST_PHONE VALUES (3, '+92-311-1112233');
INSERT INTO GUEST_PHONE VALUES (4, '+92-345-5556677');
INSERT INTO GUEST_PHONE VALUES (5, '+92-301-9998877');
INSERT INTO GUEST_PHONE VALUES (6, '+92-322-3334455');
INSERT INTO GUEST_PHONE VALUES (7, '+92-315-6667788');

CREATE TABLE  MEMBER_GUEST(
    GUESTID INT PRIMARY KEY  ,
    MEMBERID  INT ,
    MEMBER_TYPE VARCHAR2 (40 ),
    FOREIGN KEY  (GUESTID) REFERENCES GUEST ( GUESTID )


) ;
INSERT INTO MEMBER_GUEST VALUES (1, 1001, 'Gold');
INSERT INTO MEMBER_GUEST VALUES (2, 1002, 'Silver');
INSERT INTO MEMBER_GUEST VALUES (3, 1003, 'Gold');
INSERT INTO MEMBER_GUEST VALUES (4, 1004, 'Platinum');
INSERT INTO MEMBER_GUEST VALUES (5, 1005, 'Silver');

CREATE TABLE WALKING_GUEST(
GUESTID INT PRIMARY KEY ,
ARRIVAL_MODE VARCHAR2(30),
FOREIGN KEY  (GUESTID) REFERENCES GUEST ( GUESTID )

);

INSERT INTO WALKING_GUEST VALUES (6, 'Walk-in');
INSERT INTO WALKING_GUEST VALUES (7, 'Referral');
INSERT INTO WALKING_GUEST VALUES (8, 'Walk-in');
CREATE TABLE STAFF (
STAFFID INT PRIMARY KEY , 
S_FIRST_NAME VARCHAR2 (40)  NOT NULL ,
S_LAST_NAME VARCHAR2 (40),
S_SALARY INT   CHECK (S_SALARY>2000)
);
INSERT INTO STAFF VALUES (1, 'Usman',   'Khan',    55000);
INSERT INTO STAFF VALUES (2, 'Ayesha',  'Malik',   48000);
INSERT INTO STAFF VALUES (3, 'Bilal',   'Ahmed',   62000);
INSERT INTO STAFF VALUES (4, 'Sana',    'Raza',    45000);
INSERT INTO STAFF VALUES (5, 'Kamran',  'Sheikh',  70000);
INSERT INTO STAFF VALUES (6, 'Nadia',   'Hassan',  53000);
INSERT INTO STAFF VALUES (7, 'Tariq',   'Butt',    41000);
INSERT INTO STAFF VALUES (8, 'Farrukh', 'Qureshi', 38000);
INSERT INTO STAFF VALUES (9,  'Zaid',    'Mirza',   44000);
INSERT INTO STAFF VALUES (10, 'Hasan',   'Naqvi',   46000);
INSERT INTO STAFF VALUES (11, 'Omair',   'Siddiqui',50000);
INSERT INTO STAFF VALUES (12, 'Rehan',   'Javed',   43000);
INSERT INTO STAFF VALUES (13, 'Asad',    'Gillani',  47000);
INSERT INTO STAFF VALUES (14, 'Faisal',  'Chaudhry',49000);
INSERT INTO STAFF VALUES (15, 'Junaid',  'Ansari',  42000);
INSERT INTO STAFF VALUES (16, 'Waqar',   'Mehmood', 45000);
INSERT INTO STAFF VALUES (17, 'Hira',    'Baig',    40000);
INSERT INTO STAFF VALUES (18, 'Maham',   'Iqbal',   41000);
INSERT INTO STAFF VALUES (19, 'Sobia',   'Rehman',  39000);
INSERT INTO STAFF VALUES (20, 'Anum',    'Shah',    40000);
INSERT INTO STAFF VALUES (21, 'Rimsha',  'Aslam',   38000);
INSERT INTO STAFF VALUES (22, 'Daniyal', 'Farooq',  42000);
INSERT INTO STAFF VALUES (23, 'Saad',    'Zafar',   39000);
INSERT INTO STAFF VALUES (24, 'Mehak',   'Yousaf',  40000);

CREATE TABLE BOOKING (
BOOKINGID INT PRIMARY KEY ,
CHECK_DATE DATE ,
CHECKOUT_DATE  DATE ,
STATUS VARCHAR2 (20),
STAFFID INT ,
GUESTID INT ,
FOREIGN KEY  (GUESTID) REFERENCES GUEST ( GUESTID ),
FOREIGN KEY  (STAFFID) REFERENCES STAFF ( STAFFID )
);

INSERT INTO BOOKING VALUES (1, TO_DATE('2026-01-10','YYYY-MM-DD'), TO_DATE('2026-01-15','YYYY-MM-DD'), 'Confirmed', 2, 1);
INSERT INTO BOOKING VALUES (2, TO_DATE('2026-02-01','YYYY-MM-DD'), TO_DATE('2026-02-05','YYYY-MM-DD'), 'Confirmed', 2, 2);
INSERT INTO BOOKING VALUES (3, TO_DATE('2026-02-10','YYYY-MM-DD'), TO_DATE('2026-02-14','YYYY-MM-DD'), 'Checked-Out', 4, 3);
INSERT INTO BOOKING VALUES (4, TO_DATE('2026-03-01','YYYY-MM-DD'), TO_DATE('2026-03-07','YYYY-MM-DD'), 'Confirmed', 2, 4);
INSERT INTO BOOKING VALUES (5, TO_DATE('2026-03-15','YYYY-MM-DD'), TO_DATE('2026-03-20','YYYY-MM-DD'), 'Cancelled',  4, 5);
INSERT INTO BOOKING VALUES (6, TO_DATE('2026-04-01','YYYY-MM-DD'), TO_DATE('2026-04-03','YYYY-MM-DD'), 'Confirmed', 2, 6);
INSERT INTO BOOKING VALUES (7, TO_DATE('2026-04-10','YYYY-MM-DD'), TO_DATE('2026-04-15','YYYY-MM-DD'), 'Confirmed', 4, 7);
INSERT INTO BOOKING VALUES (8, TO_DATE('2026-05-01','YYYY-MM-DD'), TO_DATE('2026-05-04','YYYY-MM-DD'), 'Confirmed', 2, 8);

CREATE TABLE ASSIGN_ROOM (
BOOKINGID INT ,
RoomID  INT ,
ASSIGN_DATE  DATE ,
PRIMARY KEY (BOOKINGID , ROOMID ),
FOREIGN KEY  (BOOKINGID) REFERENCES BOOKING ( BOOKINGID ),
FOREIGN KEY  (RoomID) REFERENCES ROOM ( RoomID  )
);

INSERT INTO ASSIGN_ROOM VALUES (1, 101, TO_DATE('2026-01-10','YYYY-MM-DD'));
INSERT INTO ASSIGN_ROOM VALUES (2, 108, TO_DATE('2026-02-01','YYYY-MM-DD'));
INSERT INTO ASSIGN_ROOM VALUES (3, 103, TO_DATE('2026-02-10','YYYY-MM-DD'));
INSERT INTO ASSIGN_ROOM VALUES (4, 106, TO_DATE('2026-03-01','YYYY-MM-DD'));
INSERT INTO ASSIGN_ROOM VALUES (5, 110, TO_DATE('2026-03-15','YYYY-MM-DD'));
INSERT INTO ASSIGN_ROOM VALUES (6, 113, TO_DATE('2026-04-01','YYYY-MM-DD'));
INSERT INTO ASSIGN_ROOM VALUES (7, 105, TO_DATE('2026-04-10','YYYY-MM-DD'));
INSERT INTO ASSIGN_ROOM VALUES (8, 109, TO_DATE('2026-05-01','YYYY-MM-DD'));

CREATE TABLE INVOICE(
InvoiceID INT PRIMARY KEY, 
IssueDate DATE NOT NULL,
AmountDue DECIMAL(10,2),
PaymentMode VARCHAR2(30),
PAID INT NOT NULL,
BOOKINGID INT,
FOREIGN KEY (BOOKINGID) REFERENCES BOOKING(BOOKINGID)
);

INSERT INTO INVOICE  VALUES (1,  DATE '2024-01-05',  450.00,  'Credit Card',   1296,  1);
INSERT INTO INVOICE  VALUES (2,  DATE '2024-01-12',  820.50,  'Cash',          8296,  2);
INSERT INTO INVOICE  VALUES (3,  DATE '2024-02-03',  1200.00, 'Bank Transfer', 3456, 3);
INSERT INTO INVOICE  VALUES(4,  DATE '2024-02-18',  375.75,  'Debit Card',    7654,  4);
INSERT INTO INVOICE  VALUES(5,  DATE '2024-03-07',  650.00,  'Credit Card',   1234, 5);
INSERT INTO INVOICE  VALUES(6,  DATE '2024-03-22',  980.25,  'Cash',          5670,  6);
INSERT INTO INVOICE  VALUES(7,  DATE '2024-04-10',  2150.00, 'Bank Transfer', 4320, 7);
INSERT INTO INVOICE  VALUES(8,  DATE '2024-04-28',  530.50,  'Debit Card',    1234,  8);

CREATE TABLE STAFF_PHONE(
STAFFID   INT,
PHONE     VARCHAR2(20),
PRIMARY KEY(STAFFID, PHONE),
FOREIGN KEY (STAFFID) REFERENCES STAFF(STAFFID)
);

INSERT INTO STAFF_PHONE VALUES (1, '+92-300-1234567');
INSERT INTO STAFF_PHONE VALUES (2, '+92-301-2345678');
INSERT INTO STAFF_PHONE VALUES (3, '+92-302-3456789');
INSERT INTO STAFF_PHONE VALUES (4, '+92-303-4567890');
INSERT INTO STAFF_PHONE VALUES (4, '+92-321-9876543');
INSERT INTO STAFF_PHONE VALUES (5, '+92-304-5678901');
INSERT INTO STAFF_PHONE VALUES (6, '+92-305-6789012');
INSERT INTO STAFF_PHONE VALUES (6, '+92-333-1112233'); 

CREATE TABLE STAFF_PROFILE(
USERID INT PRIMARY KEY,
USERNAME VARCHAR(30) UNIQUE,
PASWORD VARCHAR(30),
ACCESSLEVEL VARCHAR(30),
STAFFID INT,
FOREIGN KEY (STAFFID) REFERENCES STAFF(STAFFID)
);

INSERT INTO STAFF_PROFILE VALUES(1, 'ahmed.khan',    '$2b$12$KIXab', 'Admin',        1);
INSERT INTO STAFF_PROFILE VALUES(2, 'sara.malik',    '$2b$12$LJY', 'Manager',      2);
INSERT INTO STAFF_PROFILE VALUES(3, 'usman.ali',     '$2b$12$MK', 'FrontDesk',    3);
INSERT INTO STAFF_PROFILE VALUES(4, 'hina.raza',     '$2b$12$NLA', 'FrontDesk',    4);
INSERT INTO STAFF_PROFILE VALUES(5, 'bilal.qureshi', '$2b$12$OMB', 'Housekeeping', 5);
INSERT INTO STAFF_PROFILE VALUES(6, 'zara.hussain',  '$2b$12$PN', 'Housekeeping', 6);
INSERT INTO STAFF_PROFILE VALUES(7, 'tariq.mehmood', '$2b$12$QOD', 'Maintenance',  7);
INSERT INTO STAFF_PROFILE VALUES(8, 'nadia.shah',    '$2b$12$RPE', 'Manager',      8);

CREATE TABLE HOUSEKEEP_STAFF(
STAFFID INT PRIMARY KEY,
FLOOR_ASSIGN INT,
ShiftTime VARCHAR(30),
FOREIGN KEY (STAFFID) REFERENCES STAFF(STAFFID)
);

INSERT INTO HOUSEKEEP_STAFF VALUES (1, 1, 'Morning (6AM-2PM)');
INSERT INTO HOUSEKEEP_STAFF VALUES (2, 2, 'Morning (6AM-2PM)');
INSERT INTO HOUSEKEEP_STAFF VALUES (3, 3, 'Afternoon (2PM-10PM)');
INSERT INTO HOUSEKEEP_STAFF VALUES (4, 4, 'Afternoon (2PM-10PM)');
INSERT INTO HOUSEKEEP_STAFF VALUES (5, 1, 'Night (10PM-6AM)');
INSERT INTO HOUSEKEEP_STAFF VALUES (6, 2, 'Night (10PM-6AM)');
INSERT INTO HOUSEKEEP_STAFF VALUES (7, 3, 'Morning (6AM-2PM)');
INSERT INTO HOUSEKEEP_STAFF VALUES (8, 5, 'Afternoon (2PM-10PM)');
 
CREATE TABLE MaintenanceStaff(
STAFFID INT PRIMARY KEY,
SPECIALIST VARCHAR(30),
FOREIGN KEY (STAFFID) REFERENCES STAFF(STAFFID)
);

INSERT INTO MaintenanceStaff VALUES (9,  'Plumbing');
INSERT INTO MaintenanceStaff VALUES (10, 'Electrical');
INSERT INTO MaintenanceStaff VALUES (11, 'HVAC');
INSERT INTO MaintenanceStaff VALUES (12, 'Carpentry');
INSERT INTO MaintenanceStaff VALUES (13, 'Painting');
INSERT INTO MaintenanceStaff VALUES (14, 'Electrical');
INSERT INTO MaintenanceStaff VALUES (15, 'Plumbing');
INSERT INTO MaintenanceStaff VALUES (16, 'General Repair');

CREATE TABLE FrontDeskStaff(
STAFFID INT PRIMARY KEY,
DESK VARCHAR(30),
ShiftTime VARCHAR(30),
FOREIGN KEY (STAFFID) REFERENCES STAFF(STAFFID)
);

INSERT INTO FrontDeskStaff VALUES (17, 'Check-In',     'Morning (6AM-2PM)');
INSERT INTO FrontDeskStaff VALUES (18, 'Check-Out',    'Morning (6AM-2PM)');
INSERT INTO FrontDeskStaff VALUES (19, 'Concierge',    'Morning (6AM-2PM)');
INSERT INTO FrontDeskStaff VALUES (20, 'Check-In',     'Afternoon (2PM-10PM)');
INSERT INTO FrontDeskStaff VALUES (21, 'Check-Out',    'Afternoon (2PM-10PM)');
INSERT INTO FrontDeskStaff VALUES (22, 'Reservations', 'Afternoon (2PM-10PM)');
INSERT INTO FrontDeskStaff VALUES (23, 'Check-In',     'Night (10PM-6AM)');
INSERT INTO FrontDeskStaff VALUES (24, 'Concierge',    'Night (10PM-6AM)');

CREATE TABLE HouseKeepingTask(
TASKID INT PRIMARY KEY,
TASK_TYPE VARCHAR(30),
PRIORITY VARCHAR(30) DEFAULT 'NORMAL',
ScheduleAt  TIMESTAMP,
NOTE VARCHAR(30),
STATUS VARCHAR(30) DEFAULT 'PENDING',
CompleteAt  TIMESTAMP,
ROOMID INT,
FOREIGN KEY (RoomID) REFERENCES Room(RoomID)
);

INSERT INTO HouseKeepingTask VALUES(1, 'Cleaning',    'HIGH',   TO_TIMESTAMP('2024-04-01 08:00:00', 'YYYY-MM-DD HH24:MI:SS'), 'Guest checked out',     'COMPLETED',   TO_TIMESTAMP('2024-04-01 09:15:00', 'YYYY-MM-DD HH24:MI:SS'), 102);
INSERT INTO HouseKeepingTask VALUES(2, 'Linen Change','NORMAL', TO_TIMESTAMP('2024-04-01 09:00:00', 'YYYY-MM-DD HH24:MI:SS'), 'Routine linen swap',    'COMPLETED',   TO_TIMESTAMP('2024-04-01 09:45:00', 'YYYY-MM-DD HH24:MI:SS'), 103);
INSERT INTO HouseKeepingTask VALUES(3, 'Deep Clean',  'HIGH',   TO_TIMESTAMP('2024-04-02 10:00:00', 'YYYY-MM-DD HH24:MI:SS'), 'Post long stay clean',  'COMPLETED',   TO_TIMESTAMP('2024-04-02 12:30:00', 'YYYY-MM-DD HH24:MI:SS'), 104);
INSERT INTO HouseKeepingTask VALUES(4, 'Restocking',  'NORMAL', TO_TIMESTAMP('2024-04-03 11:00:00', 'YYYY-MM-DD HH24:MI:SS'), 'Refill toiletries',     'COMPLETED',   TO_TIMESTAMP('2024-04-03 11:30:00', 'YYYY-MM-DD HH24:MI:SS'), 105);
INSERT INTO HouseKeepingTask VALUES(5, 'Inspection',  'URGENT', TO_TIMESTAMP('2024-04-04 07:00:00', 'YYYY-MM-DD HH24:MI:SS'), 'VIP guest arriving',    'COMPLETED',   TO_TIMESTAMP('2024-04-04 07:45:00', 'YYYY-MM-DD HH24:MI:SS'), 106);
INSERT INTO HouseKeepingTask VALUES(6, 'Turndown',    'NORMAL', TO_TIMESTAMP('2024-04-05 18:00:00', 'YYYY-MM-DD HH24:MI:SS'), 'Evening turndown svc',  'IN PROGRESS', NULL,                                                          107);
INSERT INTO HouseKeepingTask VALUES(7, 'Cleaning',    'LOW',    TO_TIMESTAMP('2024-04-06 13:00:00', 'YYYY-MM-DD HH24:MI:SS'), 'Spot clean requested',  'PENDING',     NULL,                                                          108);
INSERT INTO HouseKeepingTask VALUES(8, 'Linen Change','URGENT', TO_TIMESTAMP('2024-04-06 14:00:00', 'YYYY-MM-DD HH24:MI:SS'), 'Spill reported by guest','PENDING',    NULL,                                                          109);

CREATE TABLE PERFORMS_TASK(
TASKID INT,
STAFFID INT,
PRIMARY KEY(TASKID, STAFFID),
FOREIGN KEY (STAFFID) REFERENCES STAFF(STAFFID),
FOREIGN KEY (TASKID) REFERENCES HouseKeepingTask(TASKID)
);

INSERT INTO PERFORMS_TASK VALUES(1, 1);
INSERT INTO PERFORMS_TASK VALUES(2, 2);
INSERT INTO PERFORMS_TASK VALUES(3, 3);
INSERT INTO PERFORMS_TASK VALUES(4, 4);
INSERT INTO PERFORMS_TASK VALUES(5, 5);
INSERT INTO PERFORMS_TASK VALUES(6, 6);
INSERT INTO PERFORMS_TASK VALUES(7, 7);
INSERT INTO PERFORMS_TASK VALUES(8, 8);

